{
  "features": [
    "GP",
    "MIN",
    "PTS",
    "FGS",
    "FGA",
    "3PM",
    "3PA",
    "FTM",
    "FTA",
    "OREB",
    "DREB",
    "AST",
    "STL",
    "BLK",
    "TOV"
  ],
  "scaler": {
    "mean": [
      60.34480122324159,
      17.605351681957185,
      6.7853211009174315,
      2.62262996941896,
      5.871865443425076,
      0.24908256880733945,
      0.7814220183486239,
      1.2928899082568808,
      1.8152905198776756,
      1.008639143730887,
      2.0239296636085626,
      1.5438073394495415,
      0.6168195718654433,
      0.3694954128440367,
      1.1891437308868502
    ],
    "scale": [
      17.400338643236967,
      8.28319485013177,
      4.330093310463683,
      1.6720700223715077,
      3.570772521149544,
      0.3856652569652839,
      1.0660232751322811,
      0.9803122654169449,
      1.3152522663583939,
      0.7743559905224355,
      1.3558236044666498,
      1.467642808187059,
      0.4095477193419167,
      0.43094454521352793,
      0.7197019010925519
    ]
  },
  "imputer": {
    "medians": [
      63.0,
      16.1,
      5.55,
      2.1,
      4.8,
      0.1,
      0.3,
      1.0,
      1.5,
      0.8,
      1.7,
      1.1,
      0.5,
      0.2,
      1.0
    ]
  },
  "logistic_regression": {
    "coefficients": [
      0.610614453779199,
      -0.14299094262640616,
      0.26554007200664853,
      0.2737355524222148,
      -0.16739447716397277,
      0.5056407988509642,
      -0.5423287599697272,
      0.20723186446086347,
      -0.10703177778323439,
      0.4190177506837761,
      -0.11960466226958844,
      0.23719752328063776,
      0.01666081633143516,
      0.259239235850265,
      -0.1609934724043499
    ],
    "intercept": 0.6345496985786432
  },
  "decision_tree": {
    "leaf": false,
    "feature_idx": 0,
    "threshold": -0.04855084978044033,
    "left": {
      "leaf": false,
      "feature_idx": 7,
      "threshold": -0.24776790291070938,
      "left": {
        "leaf": false,
        "feature_idx": 5,
        "threshold": -0.5162056088447571,
        "left": {
          "leaf": false,
          "feature_idx": 14,
          "threshold": 0.08455760590732098,
          "left": {
            "leaf": false,
            "feature_idx": 3,
            "threshold": -1.239559292793274,
            "left": {
              "leaf": true,
              "probabilities": [
                0.8888888888888888,
                0.1111111111111111
              ],
              "prediction": 0
            },
            "right": {
              "leaf": true,
              "probabilities": [
                0.5089820359281437,
                0.49101796407185627
              ],
              "prediction": 0
            }
          },
          "right": {
            "leaf": false,
            "feature_idx": 2,
            "threshold": -0.14672226924449205,
            "left": {
              "leaf": true,
              "probabilities": [
                1.0,
                0.0
              ],
              "prediction": 0
            },
            "right": {
              "leaf": true,
              "probabilities": [
                0.5,
                0.5
              ],
              "prediction": 1
            }
          }
        },
        "right": {
          "leaf": false,
          "feature_idx": 2,
          "threshold": 0.10731383040547371,
          "left": {
            "leaf": false,
            "feature_idx": 12,
            "threshold": 0.8135326206684113,
            "left": {
              "leaf": true,
              "probabilities": [
                0.695906432748538,
                0.30409356725146197
              ],
              "prediction": 0
            },
            "right": {
              "leaf": true,
              "probabilities": [
                1.0,
                0.0
              ],
              "prediction": 0
            }
          },
          "right": {
            "leaf": true,
            "probabilities": [
              0.0,
              1.0
            ],
            "prediction": 1
          }
        }
      },
      "right": {
        "leaf": false,
        "feature_idx": 10,
        "threshold": 0.24049613624811172,
        "left": {
          "leaf": false,
          "feature_idx": 3,
          "threshold": -0.7611104249954224,
          "left": {
            "leaf": false,
            "feature_idx": 6,
            "threshold": -0.21708907932043076,
            "left": {
              "leaf": true,
              "probabilities": [
                0.0,
                1.0
              ],
              "prediction": 1
            },
            "right": {
              "leaf": true,
              "probabilities": [
                0.5,
                0.5
              ],
              "prediction": 1
            }
          },
          "right": {
            "leaf": false,
            "feature_idx": 7,
            "threshold": 0.9763318598270416,
            "left": {
              "leaf": true,
              "probabilities": [
                0.5849056603773585,
                0.41509433962264153
              ],
              "prediction": 0
            },
            "right": {
              "leaf": true,
              "probabilities": [
                0.16666666666666666,
                0.8333333333333334
              ],
              "prediction": 1
            }
          }
        },
        "right": {
          "leaf": false,
          "feature_idx": 4,
          "threshold": -0.31418003141880035,
          "left": {
            "leaf": true,
            "probabilities": [
              0.0,
              1.0
            ],
            "prediction": 1
          },
          "right": {
            "leaf": false,
            "feature_idx": 6,
            "threshold": -0.6861220002174377,
            "left": {
              "leaf": true,
              "probabilities": [
                0.0,
                1.0
              ],
              "prediction": 1
            },
            "right": {
              "leaf": true,
              "probabilities": [
                0.43478260869565216,
                0.5652173913043478
              ],
              "prediction": 1
            }
          }
        }
      }
    },
    "right": {
      "leaf": false,
      "feature_idx": 9,
      "threshold": 0.6991110742092133,
      "left": {
        "leaf": false,
        "feature_idx": 10,
        "threshold": -0.7183306515216827,
        "left": {
          "leaf": false,
          "feature_idx": 6,
          "threshold": 1.4714294075965881,
          "left": {
            "leaf": false,
            "feature_idx": 11,
            "threshold": 0.753720611333847,
            "left": {
              "leaf": true,
              "probabilities": [
                0.5918367346938775,
                0.40816326530612246
              ],
              "prediction": 0
            },
            "right": {
              "leaf": true,
              "probabilities": [
                0.0,
                1.0
              ],
              "prediction": 1
            }
          },
          "right": {
            "leaf": true,
            "probabilities": [
              0.0,
              1.0
            ],
            "prediction": 1
          }
        },
        "right": {
          "leaf": false,
          "feature_idx": 5,
          "threshold": 3.632469892501831,
          "left": {
            "leaf": false,
            "feature_idx": 3,
            "threshold": 1.3919094800949097,
            "left": {
              "leaf": true,
              "probabilities": [
                0.2647058823529412,
                0.7352941176470589
              ],
              "prediction": 1
            },
            "right": {
              "leaf": true,
              "probabilities": [
                0.06666666666666667,
                0.9333333333333333
              ],
              "prediction": 1
            }
          },